id,,tech_name,,,,,tech_build_cost,tech_vor,tech_desc,tech_typ,tech_level,tech_build_time,tech_sort_id
1,,Schutzschild Klasse I,Energiebarriere Stufe I,Panzerungs-Evolution I,Exoskelett,DX-FW-Schild 0A,R1x400;R2x100,T8,"Schützt Schiffe vor physischen und Energieangriffen. Klasse I ist für Jäger.;Schützt Schiffe vor physischen und Energieangriffen. Stufe I ist für Jäger.;Die widerstandsfähigen und trotzdem leichten Hüllen der K’tharr Raumschiffe werden nicht produziert, sondern gezüchtet. Die kleinsten und leichtesten Panzer eignen sich besonders gut für Spider.;Schützt Schiffe vor physischen und Energieangriffen. Das Exoskelett ist für Jäger.;platzhalter",1,1,75,110
14,,Schutzschild Klasse II,Energiebarriere Stufe II,Panzerungs-Evolution II,Chitinbeschichtung,DX-FW-Schild 0B,R1x8000;R2x2000,T40;T121,"Schützt Schiffe vor physischen und Energieangriffen. Klasse II ist für Jagdboote.;Schützt Schiffe vor physischen und Energieangriffen. Stufe II ist für Jagdboote.;Je stärker die Waffen der K’tharr sind, desto härter muss auch die Panzerung sein. Eine Verbesserung wurde erstmals mit Züchtung der Arctic Spider notwendig.;Schützt Schiffe vor physischen und Energieangriffen. Die Chitinbeschichtung ist für Jagdboote.;platzhalter",1,3,10800,100
26,,Schutzschild Klasse III,Energiebarriere Stufe III,Panzerungs-Evolution III,Doppelchitinbeschichtung,DX-FW-Schild 0C,R1x16000;R2x4000;R3x1000,T41;T123,"Schützt Schiffe vor physischen und Energieangriffen. Klasse III ist für Zerstörer.;Schützt Schiffe vor physischen und Energieangriffen. Stufe III ist für Zerstörer.;Mit zunehmendem Evolutionsstand vergrößern sich auch die Anforderungen an die Panzerung. Um die ersten Werespiders züchten zu können, musste deshalb eine neue, allgemein als Klasse III bekannte Panzerung erzeugt werden.
;Schützt Schiffe vor physischen und Energieangriffen. Die Doppelchitinbeschichtung ist für Zerstörer.;platzhalter",1,5,21600,100
36,,Schutzschild Klasse IV,Energiebarriere Stufe IV,Panzerungs-Evolution IV,Chitinskelett,DX-FW-Schild 0D,R1x32000;R2x8000;R3x2000;R4x1000,T42;T125,"Schützt Schiffe vor physischen und Energieangriffen. Klasse IV ist für Kreuzer.;Schützt Schiffe vor physischen und Energieangriffen. Stufe IV ist für Kreuzer.;Das Züchten von Brutbeuteln machte es notwendig Panzerungen zu entwickeln, welche die transportierten Spiders nicht nur besonders schützt, sondern ihnen auch noch die Möglichkeit gibt, die Tarantula gefahrlos zu verlassen. 
;Schützt Schiffe vor physischen und Energieangriffen. Das Chitinskelett ist für Kreuzer.;platzhalter",1,7,43200,100
44,,Multiphasenschilde,Ultrabarriere,Panzerungs-Evolution V,Chitinpanzer,DX-FW-Masterschild,R1x64000;R2x16000;R3x4000;R4x2000,T43;T127,"Schützt Schiffe vor physischen und Energieangriffen. Wegen ihrer Größe benötigen die Schlachtschiffe diese besonderen Schilde.;Schützt Schiffe vor physischen und Energieangriffen. Wegen ihrer Größe benötigen die Schlachtschiffe diese besonderen Schilde.;Auch wenn die Klasse IV Panzerung schon undurchdringlich erscheint, so ist sie doch für die Giganten der K’tharr Flotte völlig unzureichend. Erst das Züchten der gewaltigen V’er Panzer brachte die gewünschten Ergebnisse.
;Schützt Schiffe vor physischen und Energieangriffen. Wegen ihrer Größe benötigen die Schlachtschiffe diesen besonderen Chitinpanzer.;platzhalter",1,9,86400,100
2,,Laser,Laserlanze,Lichtfaden,Stachel,X-Magma,R1x400;R2x100,T8,"Stark gebündelte, kohärente Lichtstrahlen, die leichten Schaden verursachen.;Stark gebündelte, kohärente Lichtstrahlen, die leichten Schaden

verursachen.;Lichtfäden sondern einen, dem Laser nicht unähnlichen, Impuls ab, der jedoch um einiges stärker ist.
;Eine Art ""Laser"" die leichten Schaden verursachen.;platzhalter",1,1,75,110
15,,Ionenimpulskanone,Impulsblaster,Lähmfaden,Giftstachel,EMP-Kanone,R1x8000;R2x2000,T45;T121,"Mit dieser Waffe ist es dem Jagdboot möglich Schiffe lahm zu legen! Diese Schiffe sind nicht mehr in der Lage zukämpfen.;Mit dieser Waffe ist es möglich Schiffe lahm zu legen! Diese Schiffe sind nicht mehr in der Lage zu kämpfen.;Beim Versuch die Impulse der Lichtfäden zu verstärken, trat ein sonderbarer Effekt auf. Statt das Ziel zu zerstören, machte der Impuls das Ziel nun bewegungsunfähig, womit es zur leichten Beute für anderer Waffen wurde.;Mit dieser Waffe ist es dem Jagdboot möglich Schiffe lahm zu legen! Diese Schiffe sind nicht mehr in der Lage zukämpfen.;platzhalter",1,3,10800,110
27,,Autokanone,Bolzenkanone,Materiefaden,Großer Stachel,Zermalmer,R1x16000;R2x4000;R3x1000,T114;T46;T123,"Ist eine Automatikkanone, die ein Hochgeschwindigkeitsprojektil abfeuert und panzerbrechend wirkt.;Ist eine Balistikkanone, die ein Hochgeschwindigkeitsprojektil abfeuert und panzerbrechend wirkt.;Der Materiefaden setzt nicht mehr auf einen einfachen Energieimpuls. Seine Geschosse setzen sich aus mehreren Komponenten zusammen. Beim Aufprall öffnet sich die äußere Kapsel und ein Schwall hochkonzentrierter Säure zerfrisst in Sekundenbruchteilen jedes Material. Die innere Kapsel durchdringt die Panzerung und der biologische Sprengstoff, welcher sich im Inneren befindet, richtet schließlich schweren Schaden an.
;Ist eine Art ""Automatikkanone"", die ein Hochgeschwindigkeitsprojektil abfeuert und panzerbrechend wirkt.;platzhalter",1,5,21600,110
37,,Plasmakanone,Plasmalanze,Plasmafaden,Säurestachel,ER-Plasmawerfer,R1x32000;R2x8000;R3x2000;R4x1000,T47;T125,"Die Plasmakanone feuert einen Plasmaenergiestoß ab, der großen Schaden anrichtet.;Die Plasmalanze feuert einen Plasmaenergiestoß ab, der großen Schaden anrichtet.;Plasmafäden erhitzen ihre Geschosse so stark, dass nur noch waberndes Plasma übrig bleibt, welches sich mit Leichtigkeit durch jede Art von Panzerung schmilzt.
;Der Säurestachel feuert einen Plasmaenergiestoß ab, der großen Schaden anrichtet.;platzhalter",1,7,43200,110
45,,Partikelstrahl,Partikellanze,Partikelfaden,Feuerstachel,Sternenneuralisator,R1x64000;R2x16000;R3x4000;R4x2000,T48;T127,"Der Partikelstrahl ist die stärkste bekannte Strahlenwaffe. Sie feuert einen Materiestrom in einem gebündelten Energiestrahl ab. Wegen ihrer Größe sind solche Kanonen nur bei Schlachtschiffen installiert.;Die Partikellanze ist die stärkste bekannte Strahlenwaffe. Sie feuert einen Materiestrom in einem gebündelten Energiestrahl ab. Wegen ihrer Größe sind solche Kanonen nur bei Schlachtschiffen installiert.;Der Partikelfaden ist der stärkste und größte Waffensymbiont, den die K’tharr entwickelt haben. Er verschießt einen stark gebündelten Energieimpuls, der kleine Partikel von Antimaterie in sich trägt und sie von der Umwelt hermetisch abschließt. Bei seinem Aufprall wird dieser Schutz zerstört und Materie und Antimaterie reagieren miteinander. Diese Reaktion ist so heftig, dass nichts einer solchen Explosion standhalten kann. Die schiere Größe der hierfür benötigten Organe lässt eine Installation jedoch nur auf Black Widows zu.
;Der Feuerstachel ist die stärkste bekannte Strahlenwaffe. Sie feuert einen Materiestrom in einem gebündeltem Energiestrahl ab. Wegen ihrer Größe sind solche Kanonen nur bei Schlachtschiffen installiert.;platzhalter",1,9,86400,110
3,,Raketenantrieb,Raketensteuerung,Sporenkanal,Speicheldrüsen,A01-A5-Lafette,R1x6000;R2x2000,T8,"Die Forschung im Bereich des Raketenantriebs schafft die Basis für Raketen, die sich im Weltraum selbstständig bewegen.;Die Forschung im Bereich des Raketensteuerung schafft die Basis für Raketen, die sich im Weltraum selbstständig bewegen.;Der Sporenkanal erzeugt Sporen und schleudert sie auf gegnerische Einheiten.
;Die Forschung im Bereich der Speicheldrüsen schafft die Basis für ""Raketen"", die sich im Weltraum selbstständig bewegen.;platzhalter",1,1,8100,120
16,,Fusionsrakete,Ballistarakete,Sporengeschoss I,Nadelspeichel,ZoM-DX-Kopf,R1x4000;R2x1000,T50;T121,"Die Fusionsrakete ist die einfachste Rakete, die es gibt. Sie wird bevorzugt in Raketentürmen verbaut und dient zur ""Luftabwehr"".;Die Ballistarakete ist die einfachste Rakete, die es gibt. Sie wird bevorzugt in Raketentürmen verbaut und dient zur ""Luftabwehr"".;Sporengeschosse ähneln Sprengkörpern in ihrer Funktionsweise. Die erste und schwächste Stufe ist mit einfachen intelligenten Raketen zu vergleichen, wie sie auch in Raketentürmen zu finden sind.
;Der Nadelspeichel ist die einfachste ""Rakete"", die es gibt. Sie wird bevorzugt in Speichelbatterien verbaut und dient zur ""Luftabwehr"".;platzhalter",1,3,5400,120
28,,Protonentorpedo,Mangenrakete,Sporengeschoss II,Stachelspeichel,itri-03-DX-Kopf,R1x8000;R2x2000,T51;T123,"Ist ein Energiegeschoss, das mit Überlichtgeschwindigkeit sein Ziel trifft.;Ist ein Energiegeschoss, das mit Überlichtgeschwindigkeit sein Ziel trifft.;Eine Kreuzung von einfachen Sporengeschossen und Lichtfäden ergab einen schnellen hochenergetischen Lichtimpuls, der beim Aufprall immensen Schaden anrichtet.;Ist ein Energiegeschoss, das mit Überlichtgeschwindigkeit sein Ziel trifft.;platzhalter",1,5,10800,120
38,,Raumbomben,Astrobomben,Sporengeschoss III,Giftspeichel,Ye-0B-DX-Kopf,R1x16000;R2x4000;R3x1000,T52;T125,"Raumbomben sind eigentlich dicke, globige Raketen und werden nur wegen ihrem Aussehen als Bomben bezeichnet.;Astrobomben sind eigentlich dicke, globige Raketen und werden nur wegen ihrem Aussehen als Bomben bezeichnet.;Klasse III Sporengeschosse sind eine einfache Bündelung von Klasse I Sporen, deren Explosionskraft jedoch um ein vielfaches höher ist.
;Giftspeichel sind eigentlich dicke, globige ""Raketen"", die sich auch als Bomben verwenden lassen.;platzhalter",1,7,21600,120
46,,Antimaterietorpedo,Rammentorpedo,Sporengeschoss IV,Säurespeichel,Ultra-Ra-DX-Kopf,R1x32000;R2x8000;R3x2000;R4x1000,T53;T125,"Diese Rakete besteht aus Antimateriekugeln, die beim Aufschlag detonieren.;Diese Rakete besteht aus hochenergetischen Kugeln, die beim Aufschlag detonieren.;Die stärkste und gefährlichste Art der Sporen beinhaltet einen einzelnen Antimateriepartikel. Auch wenn ihre Explosionskraft geringer als die der Partikelfäden ist, richtet sie nach wie vor schwerste Zerstörungen an.
;Diese ""Rakete"" besteht aus Antimateriekugeln, die beim Aufschlag detonieren.;platzhalter",1,9,43200,120
4,,Jägerchassis,Jägerstruktur,Leichtes Skelett,Larvenstadium,Xinth-Xoc-Konstrukt,R1x400;R2x100,T8,"Das Chassis ist der Rumpf des Schiffes, an dem Bewaffnung, Antrieb und Schilde montiert werden.;Die Struktur ist der Rumpf des Schiffes, an dem Bewaffnung, Antrieb und Schilde montiert werden.;Skelette sind das Grundgerüst jedes K’tharr Bioschiffes. Sie beherbergen Waffen- und Antriebsorgane und tragen die leichten bis schweren Panzerplatten der einzelnen K’tharr Schiffe. Die kleinen Skelette eignen sich auf Grund ihres geringen Gewichts und ihrer geringen Tragfähigkeit nur für Spiders.
;Das Chassis ist der Rumpf des Schiffes, an dem Bewaffnung, Antrieb und Schilde montiert werden.;platzhalter",1,1,75,130
17,,Jagdbootchassis,Jagdbootstruktur,Skelett,Bienenstadium,Hunm-oc-Konstrukt,R1x8000;R2x2000,T55;T121,"Das Chassis ist der Rumpf des Schiffes, an dem Bewaffnung, Antrieb und Schilde montiert werden.;Die Struktur ist der Rumpf des Schiffes, an dem Bewaffnung, Antrieb und Schilde montiert werden.;Um zusätzliche Biowaffen tragen zu können, sind größere und stärkere Skelette nötig. Sowohl Arctic Spiders als auch Netzfänger profitieren von diesem verbesserten Skelett.
;Das Chassis ist der Rumpf des Schiffes, an dem Bewaffnung, Antrieb und Schilde montiert werden.;platzhalter",1,3,10800,130
29,,Zerstörerchassis,Zerstörerstruktur,Schweres Skelett,Drohnenstadium,Ez-maC-Konstrukt,R1x16000;R2x4000;R3x1000,T56;T123,"Das Chassis ist der Rumpf des Schiffes, an dem Bewaffnung, Antrieb und Schilde montiert werden.;Die Struktur ist der Rumpf des Schiffes, an dem Bewaffnung, Antrieb und Schilde montiert werden.;Das schwere Skelett ist die Grundlage der Werespiders und trägt ihre Waffen, Antriebe und Panzerplatten.;Das Chassis ist der Rumpf des Schiffes, an dem Bewaffnung, Antrieb und Schilde montiert werden.;platzhalter",1,5,21600,130
39,,Kreuzerchassis,Kreuzerstruktur,Panzerskelett,Wespenstadium,Zao-tuX-Konstrukt,R1x32000;R2x8000;R3x2000;R4x1000,T57;T125,"Das Chassis ist der Rumpf des Schiffes, an dem Bewaffnung, Antrieb und Schilde montiert werden.;Die Struktur ist der Rumpf des Schiffes, an dem Bewaffnung, Antrieb und Schilde montiert werden.;Das Panzerskelett basiert nicht auf dem schweren Skelett, auch wenn dieses der Vorgänger war. Vielmehr wurde eine völlig neue Art von Skelett erschaffen, dass nicht große und schwere Organe tragen kann, sondern ihnen auch ein gehöriges Maß an Schutz bieten kann. Jede Tarantula besitzt ein solches Skelett.
;Das Chassis ist der Rumpf des Schiffes, an dem Bewaffnung, Antrieb und Schilde montiert werden.;platzhalter",1,7,43200,130
47,,Schlachtschiffchassis,Schlachtschiffstruktur,Schweres Panzerskelett,Hummelstadium,Lor-ReX-Konstrukt,R1x64000;R2x16000;R3x4000;R4x2000,T58;T127,"Das Chassis ist der Rumpf des Schiffes, an dem Bewaffnung, Antrieb und Schilde montiert werden.;Die Struktur ist der Rumpf des Schiffes, an dem Bewaffnung, Antrieb und Schilde montiert werden.;Als die K’tharr die ersten Partikelfäden züchteten, versuchten sie, diese auf ihren bis dato größten Schiffe, den Tarantulas, einzupflanzen. Doch die Organe des Waffensymbionten beanspruchten fast den gesamten Platz im Panzerskelett für sich alleine. Deshalb entstanden das schwere Panzerskelett und mit ihm die Black Widow.
;Das Chassis ist der Rumpf des Schiffes, an dem Bewaffnung, Antrieb und Schilde montiert werden.;platzhalter",1,9,86400,130
5,,Atomantrieb,Neutronenantrieb,Coxadüse,Flügel,Positronenantrieb,R1x400;R2x100,T8,"Kleiner kompakter Antrieb, genau richtig für Jäger.;Kleiner kompakter Antrieb, genau richtig für Jäger.;Coxadüsen sind kleine Hochleistungsantriebe. Sie sind extrem leicht zu manövrieren und bieten kurzfristig hohe Geschwindigkeiten, eignen sich jedoch kaum für Langstreckenflüge.
;Kleiner kompakter Antrieb, genau richtig für Jäger.;platzhalter",1,1,75,140
18,,Fusionsantrieb,Magmaantrieb,Trochanterdüse,Strukturflügel,Srid-XF-Antrieb,R1x8000;R2x2000,T60;T121,"Der Fusionsantrieb beschleunigt die Schiffe der Jagdbootklasse auf eine erstaunliche Geschwindigkeit.;Der Magmaantrieb beschleunigt die Schiffe der Jagdbootklasse auf eine erstaunliche Geschwindigkeit.;Diese Düsen sind die Antriebsorgane der Arctic Spiders. Im Gegensatz zu den Coxadüsen bieten sie auch über längere Strecken angenehm kurze Reisezeiten.

;Der Strukturflügel beschleunigt die Schiffe der Jagdbootklasse auf eine erstaunliche Geschwindigkeit.;platzhalter",1,3,10800,140
30,,Ionenantrieb,Impulsantrieb,Femurdüse,Chitinflügel,Quorxantrieb,R1x16000;R2x4000;R3x1000,T61;T123,"Nur dem Ionenantrieb ist es zu verdanken, daß sich der Zerstörer als wendiges Schiff erweist.;Nur dem Impulsantrieb ist es zu verdanken, daß sich der Zerstörer als wendiges Schiff erweist.;Femurdüsen verleihen den Werespiders ihre Wendigkeit. Auch ermöglichen sie es diesen, selbst über lange Strecken mit höchster Geschwindigkeit zu bewegen.
;Nur dem Chitinflügel ist es zu verdanken, daß sich der Zerstörer als wendiges Schiff erweist.;platzhalter",1,5,21600,140
40,,Antimaterieantrieb,Schwarzlochantrieb,Patelladüse,Raumflügel,Sol-FX-Antrieb,R1x32000;R2x8000;R3x2000;R4x1000,T62;T125,"Der Kreuzer wird durch einen Antimaterieantrieb bewegt, jedoch ist der Antrieb deutlich schwerfälliger.;Der Kreuzer wird durch einen Schwarzlochantrieb bewegt, jedoch ist der Antrieb deutlich schwerfälliger.;Die Patelladüse der Tarantulas bietet zwar hohe Geschwindigkeiten auf langen Strecken, ist jedoch nicht in der Lage, diese über kurze Distanzen zu erreichen, weshalb die Tarantula in Gefechten äußerst schwerfällig ist.
;Der Kreuzer wird durch einen Raumflügel bewegt, jedoch ist der Antrieb deutlich

schwerfälliger.;platzhalter",1,7,43200,140
48,,Hyperantrieb,Hyperfluxantrieb,Tibadüse,Flügelsynchronisation,Worx-0-3-Antrieb,R1x64000;R2x16000;R3x4000;R4x2000,T63;T127,"Der Hyperantrieb hat die Aufgabe die gigantische Masse eines Schlachtschiffs zu bewegen.;Der Hyperfluxantrieb hat die Aufgabe die gigantische Masse eines Schlachtschiffs zu bewegen.;Die Tibadüse ist eine Weiterentwicklung der Patelladüse. Sie sollte der Black Widow die Geschwindigkeit einer Tarantula verleihen, doch die schiere Masse der Black Widow machte dies unmöglich.
;Die Flügelsynchronisation hat die Aufgabe die gigantische Masse eines Schlachtschiffs zu bewegen.;platzhalter",1,9,86400,140
6,,Transmitterfeld,Dimensionsfeld,Netzevolution,Transwabenfeld,Quad-DX-Mittler,R1x8000;R2x2000,T8,"Durch das Transmitterfeld wird ein eroberter Kollektor zu deinem Planeten gebracht.;Durch das Dimensionsfeld wird ein eroberter Sonnenschild zu deinem Planeten gebracht.;Die Netzevolution erschuf den Netzteleporter, welcher das Einfangen und Teleportieren von Kollektoren ermöglicht. 
;Durch das Transwabenfeld wird ein eroberter Arbeiter zu deinem Planeten gebracht.;platzhalter",1,1,800,105
11,,Tarnfeld,Dimensionsverschiebung,Schattenfeld,Schwarzfeld,DX-Cov-23-ER-Feld,R1x10000;R2x4000,T9;T120,"Das Tarnfeld verhindert die Entdeckung der Spionagesonde und Geheimagenten. Jedenfalls meistens!;Die Dimensionsverschiebung verhindert die Entdeckung der Knechte und Spionagedrohnen. Jedenfalls meistens!;Schattenfelder krümmen das Licht um sich herum, so dass der Träger dieses Feldes unsichtbar erscheint. Vielaugen und Agenten nutzen dieses Organ, um unerkannt zu bleiben, doch vor den besten Scannern können sie sich nicht verstecken.
;Das Schwarzfeld verhindert die Entdeckung der Tunnellarve und Kundschafter. Jedenfalls meistens!;platzhalter",1,2,10800,100
19,,Geschütztürme,Abwehrturmbasis,Drüsenevolution,Stachelkanal,Styx-Mod,R1x4000;R2x1000,T22;T121,"Der Geschützturm ist ein Multiplex-Sockel der mit verschiedenen Waffenköpfen besetzt werden kann.;Die Abwehrturmbasis ist ein Multiplex-Sockel der mit verschiedenen Waffenköpfen besetzt werden kann.;Die Drüsenevolution ermöglichte es den K’tharr ihre Waffenorgane auch auf ihren Bauten an zu bringen. Da diese Waffen jedoch erst auf kürzere Distanz ihr volles Potential entfalten, sind die Drüsenvarianten schwach und nur für den Notfall geeignet.
;Der Stachelkanal ist ein Multiplex-Sockel der mit verschiedenen Waffenköpfen besetzt werden kann.;platzhalter",1,3,8100,160
41,,Jägerbuchten,Jägerrampen,Brutbeutelevolution I,Larventaschen,Xinth-Xc-Box,R1x12000;R2x3000;R3x1000,T58;T125,"Ermöglicht es 20 Jäger zu transportieren und zu versorgen.;Ermöglicht es 25 Jäger zu transportieren und zu versorgen.;n sackähnlichen Beuteln schlummern Spiders vor sich hin, bis sie geweckt werden und in den Angriff übergehen können. Die kleine Variante der Brutbeutel fasst 20 Spider und ist auf jeder Tarantula vor zu finden.
;Ermöglicht es 25 Jäger zu transportieren und zu

versorgen.;platzhalter",1,7,16200,150
49,,Schwere Jägerbuchten,Jägerhangars,Brutbeutelevolution II,Doppelte Larventaschen,Xinth-Xc-Container,R1x24000;R2x4000;R3x2000;R4x2000,T59;T68;T127,"Ermöglicht es 50 Jäger zu transportieren und zu 
versorgen.;Ermöglicht es 50 Jäger zu transportieren und zu versorgen.;Die Größe der Black Widow ermöglicht es den K’tharr, größere Brutbeutel zu züchten. Diese transportieren 50 Spiders, welche sich ohne Rücksicht auf Verluste auf den Gegner stürzen. 
;Ermöglicht es 50 Jäger zu transportieren und zu versorgen.;platzhalter",1,9,32400,150
32,,Virtuelles Transmitterfeld,Virtuelles Transmitterfeld,Virtuelles Transmitterfeld,Virtuelles Transmitterfeld,Virtuelles Transmitterfeld,R1x50000;R2x20000;R3x6000;R4x4000;R5x1,T65;T124,"Ermöglicht Transmitterverbindungen auch außerhalb des normalen Transmittersystems, jedoch unter hohem Risiko für den Reisenden. Es wird Lebewesen nicht empfohlen Transmitter auf dieser Technologie basieren zu benutzen.;Ermöglicht Transmitterverbindungen auch außerhalb des normalen Transmittersystems, jedoch unter hohem Risiko für den Reisenden. Es wird Lebewesen nicht empfohlen Transmitter auf dieser Technologie basieren zu benutzen.;Ermöglicht Transmitterverbindungen auch außerhalb des normalen Transmittersystems, jedoch unter hohem Risiko für den Reisenden. Es wird Lebewesen nicht empfohlen Transmitter auf dieser Technologie basieren zu benutzen.;Ermöglicht Transmitterverbindungen auch außerhalb des normalen Transmittersystems, jedoch unter hohem Risiko für den Reisenden. Es wird Lebewesen nicht empfohlen Transmitter auf dieser Technologie basieren zu benutzen.;Ermöglicht Transmitterverbindungen auch ausserhalb des normalen Transmittersystems, jedoch unter hohem Risiko für den Reisenden. Es wird Lebewesen nicht empfohlen Transmitter auf dieser Technologie basieren zu benutzen.",1,6,64800,50
20,,Mauerbrecher,Palisadensturm,Netzzerreißer,Wallbrecher,MPNW-Bombe,R1x5000;R2x10000,T121,Diese Technologie wurden speziell als Waffe gegen Verteidigungseinheiten entwickelt.;Diese Technologie wurden speziell als Waffe gegen Verteidigungseinheiten entwickelt.;Diese Technologie wurden speziell als Waffe gegen Verteidigungseinheiten entwickelt.;Diese Technologie wurden speziell als Waffe gegen Verteidigungseinheiten entwickelt.;Diese Technologie wurden speziell als Waffe gegen Verteidigungseinheiten entwickelt.,1,3,12000,150
7,,Cyborginkubationstank,Cyborginkubationstank,Cyborginkubationstank,Cyborginkubationstank,Cyborginkubationstank,R1x10000;R2x5000;R3x1000;R4x2000,T71,"Dient zur Züchtung des biologischen Cyborggewebes.;Dient zur Züchtung des biologischen

Cyborggewebes.;Dient zur Züchtung des biologischen Cyborggewebes.;Dient zur Züchtung des biologischen Cyborggewebes.;Dient zur Züchtung des biologischen Cyborggewebes.",1,1,21600,1000
8,,Cyborgsteuerungskristall,Cyborgsteuerungskristall,Cyborgsteuerungskristall,Cyborgsteuerungskristall,Cyborgsteuerungskristall,R1x5000;R2x60000;R3x2000;R4x2000,T71,Der Steuerungskristall lenkt den Cyborg. Er ist in hohem Grade entwicklungsfähig.;Der Steuerungskristall lenkt den Cyborg. Er ist in hohem Grade entwicklungsfähig.;Der Steuerungskristall lenkt den Cyborg. Er ist in hohem Grade entwicklungsfähig.;Der Steuerungskristall lenkt den Cyborg. Er ist in hohem Grade entwicklungsfähig.;Der Steuerungskristall lenkt den Cyborg. Er ist in hohem Grade entwicklungsfähig.,1,1,48600,1000
9,,Cyborgimplantate,Cyborgimplantate,Cyborgimplantate,Cyborgimplantate,Cyborgimplantate,R1x10000;R2x6000;R3x10000;R4x7000,T71,Sie bilden das Grundgerüst des Cyborgs.;Sie bilden das Grundgerüst des Cyborgs.;Sie bilden das Grundgerüst des Cyborgs.;Sie bilden das Grundgerüst des Cyborgs.;Sie bilden das Grundgerüst des Cyborgs.,1,1,32400,1000
50,,Sprungfeldfrequenzmodulator,Sprungfeldfrequenzmodulator,Blockerstrahlmodulator,Frequenzzusatzwabe,EMP-Domimodulator,R1x500000;R2x100000;R3x50000;R4x20000;R5x75,T5;T128,"Der Sprungfeldfrequenzmodulator ermöglicht es die Frequenz eines feindlichen SFB zu bestimmen, um diesen außer Kraft zu setzen. Dazu werden die Antriebe der Raumschiffe an die Frequenzen des feindlichen SFB angepasst.;Der Sprungfeldfrequenzmodulator ermöglicht es die Frequenz eines feindlichen SFB zu bestimmen, um diesen außer Kraft zu setzen. Dazu werden die Antriebe der Raumschiffe an die Frequenzen des feindlichen SFB angepaßt.;Der Blockerstrahlmodulator ermöglicht es die Frequenz eines feindlichen SFB zu bestimmen, um diesen außer Kraft zu setzen. Dazu werden die Antriebe der Raumschiffe an die Frequenzen des feindlichen SFB angepasst.;Der Sprungfeldfrequenzmodulator ermöglicht es die Frequenz eines feindlichen SFB zu bestimmen, um diesen außer Kraft zu setzen. Dazu werden die Antriebe der Raumschiffe an die Frequenzen des feindlichen SFB angepasst.;platzhalter",1,10,129600,100
10,,Kollektoren,Sonnenschild,Wandlerzelle,Arbeiter,Assimilatoren,R1x500;R2x50,T8,"Die Kollektoren wandeln Sonnenlicht in nutzbare Energie um, die zur Rohstoffgewinnung eingesetzt werden kann.<br> Eine hohe Preissteigerung für Kollektoren führt aber dazu, dass sie gerne von anderen als Beute gesehen werden, die dann für den neuen Besitzer Energie und somit mehr Ressourcen produzieren.;Die Kollektoren wandeln Sonnenlicht in nutzbare Energie um, die zur Rohstoffgewinnung eingesetzt werden kann.<br> Eine hohe Preissteigerung für Kollektoren führt aber dazu, dass sie gerne von anderen als Beute gesehen werden, die dann für den neuen Besitzer Energie und somit mehr Ressourcen produzieren.;Die Kollektoren wandeln Sonnenlicht in nutzbare Energie um, die zur Rohstoffgewinnung eingesetzt werden kann.<br> Eine hohe Preissteigerung für Kollektoren führt aber dazu, dass sie gerne von anderen als Beute gesehen werden, die dann für den neuen Besitzer Energie und somit mehr Ressourcen produzieren.;Die Kollektoren wandeln Sonnenlicht in nutzbare Energie um, die zur Rohstoffgewinnung eingesetzt werden kann.<br> Eine hohe Preissteigerung für Kollektoren führt aber dazu, dass sie gerne von anderen als Beute gesehen werden, die dann für den neuen Besitzer Energie und somit mehr Ressourcen produzieren.;Die Kollektoren wandeln Sonnenlicht in nutzbare Energie um, die zur Rohstoffgewinnung eingesetzt werden kann.<br> Eine hohe Preissteigerung für Kollektoren führt aber dazu, dass sie gerne von anderen als Beute gesehen werden, die dann für den neuen Besitzer Energie und somit mehr Ressourcen produzieren.",1,1,180,100
12,,Hornisse,Caesar,Spider,Wespe,Xinth-Xc,R1x1000;R2x250,T120;T40;T45;T55;T60;T129,"Die Hornisse ist der Jäger der Ewigen. Die erste Datierung dieses Schiffes ist nicht mehr aufzufinden, da die Konstruktion aus der Zeit vor dem Zusammenbruch der Zentralregierung der Ewigen stammt. Ausgestattet mit zwei Hochleistungslaser und einer hochwertigen Panzerung dient das Schiff als Allroundeinheit der Ewigen. Auf Grund der Größe ist das Schiff mit keinem Sprungantrieb ausgerüstet und sollte daher mittels Kreuzern, Schlachtschiffen oder Trägerschiffen zur Schlacht befördert werden.;Der Caesar-Jäger ist ein kleines wendiges Kampfschiff, welches es zuerst auf die Kollektorschiffklasse und Jäger des Gegners abgesehen hat. Der wendige Jäger ist nur mit einem kleinen Antrieb ausgerüstet und kann weite Strecken nur sehr langsam zurücklegen. Daher werden Caesar meist in Verbindung mit Imperator oder Excalibur eingesetzt, die ihnen durch die Technologie der Jägerrampen als Trägerschiffe dienen können.;(Jägerklasse)
Spider mögen zwar klein und nur leicht bewaffnet sein, doch sollte man sie, so wie auch alle anderen K’tharr Schiffe, auf keinen Fall unterschätzen. Zu Dutzenden fallen sie über einzelne kleine Jägereinheiten her und reißen sie regelrecht in Fetzen. Doch sollen sie es - Gerüchten zu Folge - auch schon geschafft haben, große Kampfschiffe zu zerstören. Egal ob die Gerüchte nun stimmen oder nicht, K’tharr Flotten mit vielen Spiders sind eine sehr ernstzunehmende Bedrohung auf die reagiert werden muss. Allerdings sind ihre Antriebe nicht für lange Flüge ausgelegt, weshalb sie für lange Strecken von Trägerschiffen transportiert werden sollten.  ;(Jäger-Klasse) Der Wespe-Jäger ist ein kleines wendiges Kampfschiff, das es zu allererst auf die Transmitterschiffe und Jäger des Gegners abgesehen hat. Der wendige Jäger ist nur mit einem kleinen Antrieb ausgerüstet und kann weite Strecken nur sehr langsam zurücklegen. Daher werden Wespen meist in Verbindung mit Kreuzern oder Schlachtschiffen eingesetzt, die ihnen durch die Technologie der Jägerbuchten als Trägerschiffe dienen können.;platzhalter",1,2,7200,90
21,,Guillotine,Paladin,Arctic Spider,Feuerskorpion,Hunm-oc,R1x4000;R2x1000,T13;T41;T45;T46;T56;T61;T122,"Der Name dieser Jagdbootklasse stammt aus den Aufzeichnungen von der Schlacht bei Port Armor, einer Forschungsstation. Die Staffel aus Prototypen dieses Raumschiffes entschied dort den Kampf gegen mehrere angreifende Piratenverbände. Das Schiff ist als Abwehrwaffe gegen Jäger konstruiert worden, wurde jedoch inzwischen mehrfach überarbeitet.;(Jagdboot-Klasse) Der Paladin hat als Hauptwaffe Impulsblaster, die gegnerische Schiffe außer Gefecht setzen können egal wie groß das Schiff ist. Je größer aber das gegnerische Schiff um so mehr Treffer benötigt aber der Paladin um es lahm zulegen.;(Jagdbootklasse)
Obwohl Arctic Spiders ebenso wie die Spiders mit Lichtfäden ausgerüstet sind, ist ihre Primärwaffe doch der Lähmfaden. Ihre Primäraufgabe besteht darin, gegnerische Großkampfschiffe kampfunfähig zu machen, so dass diese keine Bedrohung mehr sind. Sie stürzen sich in Gruppen auf jedes große Schiff und selbst Giganten der Schlachtschiffklasse trudeln nach ein paar gezielten Treffern nur noch hilflos durchs Weltall. 
;(Jagdboot-Klasse) Der Feuerskorpion hat als Hauptwaffe einen Giftstachel, der gegnerische Schiffe außer Gefecht setzen können egal wie groß das Schiff ist. Je größer aber das gegnerische Schiff um so mehr Treffer benötigt aber der Feuerskorpion um es zu lähmen.;platzhalter",1,4,14400,100
33,,Schakal,Vollstrecker,Werespider,Geisterschrecke,Ez-maC,R1x15000;R2x5000;R3x1000,T130;T42;T47;T51;T57;T62;T124,"Der Schakal ist der momentan höchst entwickelte Zerstörer der Ewigen und besticht im Kampf durch seine Geschwindigkeit und groß ausgelegtes Waffenarsenal, welches ihn gegen mehrere Schiffe kampffähig macht.;(Zerstörer-Klasse) Der Vollstrecker ist ein wendiges Großkampfschiff und am besten geeignet Jagdboote in die ewigen Jagdgründe zu schicken. Aber auch gegen Kreuzer und Schlachtschiffe macht sich der Vollstrecker ganz gut.;(Zerstörerklasse)
Bei dem Versuch die Kampfkraft der eigenen Schiffe noch mehr zu erhöhen, manipulierten die K’tharr am Gen-Code der Arctic Spiders. Sie schafften es zwar diese zu vergrößern und ihre Waffen weitaus effektiver zu nutzen, doch der ‚Charakter’ dieser Schiffe ist alles andere als berechenbar. Werespiders rasen mit Vorliebe durch die gegnerischen Flotten und hinterlassen dabei die rauchenden Wracks sämtlicher Schiffe, die dumm genug waren, sich ihnen in den Weg zu stellen. Doch die Werespiders gehen in ihrem Zerstörungsrausch nicht planlos vor. Immer wieder wird berichtet, dass Schiffe der Jagdbootklasse ihre ersten Opfer sind, gefolgt von Kreuzerklassen und Schlachtschiffklassen. 
;(Zerstörer-Klasse) Die Geisterschrecke ist ein wendiges Großkampfschiff und am besten geeignet Jagdboote in die ewigen Jagdgründe zu schicken. Aber auch gegen Kreuzer und Schlachtschiffe macht sich die Geisterschrecke ganz gut.;platzhalter",1,6,28800,100
42,,Marauder,Imperator,Tarantula,Skarabäus,Zao-tuX,R1x30000;R2x10000;R3x1000;R4x1500,T131;T43;T48;T52;T58;T63;T68;T126,"Als kleiner Träger und Transportschiffe wurde der Kreuzer in den frühen Gefechten kaum mit Waffen ausgestattet, so dass einzig die Jäger die Raumgefechte entschieden. In weiteren Entwicklungsstufen wurden Panzerung und Waffen aufgerüstet, so dass er inzwischen ein vollwertiges Kampfschiff ist.;(Kreuzer-Klasse) Der Imperator ist der kleine Bruder des Schlachtschiffes. Er ist stärker bewaffnet als ein Zerstörer und konzentriert sich hauptsächlich auf größere Schiffe.;(Kreuzerklasse)
Mit den Tarantulas erschufen die K’tharr die ersten Großraumschiffe. Ausgerüstet mit einer Unmenge an Waffensymbionten können sie es mühelos mit allen größeren Schiffen aufnehmen. Doch auf Grund ihrer Trägheit sind sie kaum in der Lage mit Jägern fertig zu werden. Dies war auch der Grund weshalb nach einigen Testreihen die Tarantula mit Brutbeuteln ausgerüstet wurde, worin sie bis zu 20 Spiders transportieren kann. 
;(Kreuzer-Klasse) Der Skarabäus ist der kleine Bruder des Schlachtschiffes. Er ist stärker bewaffnet als ein Zerstörer und konzentriert sich hauptsächlich auf größere Schiffe.;KAPAZITÄT BETRÄGT 40 JÄGER!",1,8,57600,100
51,,Zerberus,Excalibur,Black Widow,Mantis,Lor-ReX,R1x50000;R2x20000;R3x2000;R4x4000;R5x2,T132;T44;T49;T53;T54;T59;T70;T64;T69;T128,"Der Zerberus war das erste Schlachtschiff, welches im Weltall auftauchte. Die massiven Waffen und Panzerungen machen ihn zum Schrecken auf dem Schlachtfeld. Da die Bewaffnung auf den Kampf gegen Großkampfschiffe ausgelegt ist, besitzt er Jägertransportkapazitäten um ihn gegen Bomber und Jäger zu schützen. Er kann insgesamt 80 Jäger in den Kampf führen. Ebenso ist das Schlachtschiff mit einem Transmitter für Bergungsoperationen und den besten Offizieren ausgestattet.;(Schlachtschiff-Klasse) Die Excalibur gilt als König der Raumschlacht. Mit dem großen Waffenarsenal kämpft es vor allem gegen seinesgleichen, jedoch sind auch Kreuzer und Zerstörer willkommene Opfer. Außerdem besitzt es eine Ladekapazität für 80 Jäger.;(Schlachtschiffklasse)
Die Black Widow ist zweifellos das größte und gefährlichste Schiff, welches die K’tharr jemals geschaffen haben. Nicht nur das sie vor Waffen starrt und damit problemlos alle größeren Schiffe zu Weltraumschrott verarbeitet, sie ist auch noch in der Lage, bis zu 90 Spiders zu transportieren, die ihr kleine Schiffe vom Leib halten.
;(Schlachtschiff-Klasse) Die Mantis gilt als König der Raumschlacht. Mit dem großen Waffenarsenal kämpft es vor allem gegen seinesgleichen, jedoch sind auch Kreuzer und Zerstörer willkommene Opfer. Außerdem besitzt es eine Ladekapazität für 100 Jäger.;KAPAZITÄT BETRÄGT 120 JÄGER!",1,10,86400,110
22,,Nachtmar,Phalanx,Hellspider,Höllenkäfer,Xor-L2R,R1x1500;R2x500,T13;T41;T71;T56;T61;T122,"Der Nachtmar ist eine weitere Jagdbootklasse, welche jedoch mit schweren Bomben ausgestattet wurde. Im Krieg zwischen den Ewigen und den Ishtar entschied die Entwicklung des Nachtmars die Kapitulation der Ishtar, als deren Verteidigungsanlagen direkt angegriffen werden konnten. Der Nachtmar ist jedoch sehr empfindlich gegen feindliche Jäger und sollte daher von eigenen Jägern geschützt werden. Wie auch Jäger besitzt er nur einen schwachen Antrieb und muss daher transportiert werden. Dabei verbraucht er doppelt soviel Platz wie ein Jäger.;(Jagdboot-Klasse) Die Phalanx ist eine neuere Entwicklung der Ishtar, um gegen planetare Verteidigung vorzugehen. Sie ist wie alle Bomber mit einer hohen Bombenlast ausgestattet, die sie im Raumkampf beinahe nutzlos macht. Anders aber als andere Bomber sind ihre Bomben nicht mit Sprengköpfen beladen, sondern mit EMP Köpfen, die die Verteidigungsanlagen deaktivieren und Lebewesen unbeeinflusst lassen.;(Jagdboot-Klasse) Der Hellspider wurde speziell dazu entwickelt eine massive planetare Verteidigung zu durchbrechen und sie evtl. auszuschalten. Er ist sehr wirksam gegen planetare Geschütze, aber wegen der hohen Bombenlast nicht geeignet im Raumkampf.;(Jagdboot-Klasse) Der Höllenkäfer wurde speziell dazu entwickelt eine massive planetare Verteidigung zu durchbrechen und sie evtl. auszuschalten. Er ist sehr wirksam gegen planetare Geschütze, aber wegen der hohen Bombenlast nicht geeignet im Raumkampf.;platzhalter",1,4,9000,115
23,,Transmitterschiff,Merlin,Netzfänger,Sammler,Os-mTz,R1x2000;R2x1000,T13;T23;T56;T61;T65;T122,"Transmitterschiffe, auch bekannt als Kollektorenpirat. Mit Hilfe dieser Schiffe werden die Kollektoren zum eigenen Planeten gebracht. Die benötigte Energie zum Transfer mittels Transmitterstrahl ist jedoch so hoch, dass das Schiff durch den Transfer zerstört wird. Transmitterschiffe warten meist hinter den eigenen Schlachtlinien, um erst bei einer gewonnen Schlacht in das Zielgebiet einzudringen.;(Transmitterschiffe-klasse) Merline, auch als Sonnenschildpirat bekannt. Mit Hilfe dieser Schiffe werden die Sonnenschilder zu dem eigenen Planeten gebracht. Die benötigte Energie zum Transfer mittels Dimensionsfeld ist jedoch so hoch, daß das Schiff durch den Transfer zerstört wird.;(Kollektorschiffklasse)
Natürlich könnten die K’tharr sich ihre Kollektoren auch selber bauen, doch ist es manchmal wesentlich einfacher, sie einem schwachen Gegner abzunehmen. Zu diesem Zweck erschufen sie die Netzfänger, welche mit einem einzigartigem Organismus ausgestattet sind. Hat ein Netzfänger einen Kollektor erreicht, umschließt er ihn und tötet sich selbst beim Aufbauen eines Portals. Der Kollektor durchquert dieses Portal und erscheint ohne nennenswerten Zeitverlust auf dem Heimatplaneten des Netzfängers.
;(Transmitterschiff) Sammler, auch als Arbeiterpirat bekannt. Mit Hilfe dieser Schiffe werden die Arbeiter zu dem eigenen Planeten gebracht. Die benötigte Energie zum Transfer mittels Transwabenstrahl ist jedoch so hoch, daß das Schiff durch den Transfer zerstört wird.;platzhalter",1,4,10800,110
52,,Hydra,Colossus,Gigantula,Ekelbrüter,Bi-SoX,R1x50000;R2x30000;R3x5000;R4x5000;R5x1,T132;T44;T45;T59;T64;T69;T128,"Eine Neukonstruktion der Ewigen, welche den erhöhten Bedarf an Jägern und Bombern in Raumgefechten decken soll. Insgesamt kann der Hydra 300 Jäger mit in die Schlacht transportieren.;(Schlachtschiff-Klasse) Der Colossus ist ein Trägerschiff, das aus der Basis des Schlachtschiffs entwickelt wurde. Um große Mengen Jäger transportieren zu können wurden riesige Hangars in den Rumpf eingebaut. Jedoch musste dafür die Feuerkraft erheblich reduziert werden, was jedoch Hunderte von kleinen Jägern wieder wettmachen. Die Ladekapazität beträgt 150 Jäger;(Schlachtschiff-Klasse) Die Gigantula ist ein Trägerschiff, das aus der Basis des Schlachtschiffs entwickelt wurde. Um große Mengen Jäger transportieren zu können wurden riesige Hangars in den Rumpf eingebaut. Jedoch musste dafür die Feuerkraft erheblich reduziert werden, was jedoch Hunderte von kleinen Jägern wieder wettmachen. Die Ladekapazität beträgt 250 Jäger;(Schlachtschiff-Klasse) Der Ekelbrüter ist ein Trägerschiff, das aus der Basis des Schlachtschiffs entwickelt wurde. Um große Mengen Jäger transportieren zu können wurden riesige Hangars in den Rumpf eingebaut. Jedoch musste dafür die Feuerkraft erheblich reduziert werden, was jedoch Hunderte von kleinen Jägern wieder wettmachen.;KAPAZITÄT BETRÄGT 400 JÄGER!",1,10,72000,130
34,,Frachtschiff,Frachtbarke,Frachtnetz,Frachtträger,Fracht-SoX,R1x5000;R2x1500;R3x500,T130;T42;T45;T46;T57;T62;T124,Diese Einheit dient dem Transport von Waren von einem System in ein anderes System.;Diese Einheit dient dem Transport von Waren von einem System in ein anderes System.;Diese Einheit dient dem Transport von Waren von einem System in ein anderes System.;Diese Einheit dient dem Transport von Waren von einem System in ein anderes System.;,1,6,14000,120
54,,Hyperion,Dragonfire,Titanspider,Die Königin,Titan-X,R1x1000000;R2x500000;R3x250000;R4x250000;R5x100;I1x3000;I2x1,T141;T85,Die Titanen-Klasse verfügt über unglaubliche Feuerkraft und eine imposante Panzerung.;Die Titanen-Klasse verfügt über unglaubliche Feuerkraft und eine imposante Panzerung.;Die Titanen-Klasse verfügt über unglaubliche Feuerkraft und eine imposante Panzerung.;Die Titanen-Klasse verfügt über unglaubliche Feuerkraft und eine imposante Panzerung.;,1,11,42000,150
24,,Jägergarnison,Brechergarnison,Schwarm der Nestverteidiger,Larvenstock,Xinth-Base,R1x10000;R2x2500,T113;T13;T22;T122,"Die Jägergarnisionen dienen als Stützpunkt für modifizierte Hornissen. Ihr Operationsbereich ist einzig das eigene System.;Die Brechergarnison beherbergt mehrere Jäger. Jedoch sind diese Jäger nur defensive Einheiten, die nur zur Verteidigung der Kollektoren verwendet werden können.;Der Schwarm der Nestverteidiger beherbergt mehrere Jäger. Jedoch sind diese Jäger nur defensive Einheiten, die nur zur Verteidigung der Kollektoren verwendet werden können.;Der Larvenstock beherbergt mehrere Jäger. Jedoch sind diese Jäger nur defensive Einheiten, die nur zur Verteidigung der Kollektoren verwendet werden können.;platzhalter",1,4,7200,120
31,,Raketenturm,Balistenturm,Sporendrüse,Speichelbatterie,EMP-Kanonen-Styx,R1x800;R2x550,T114;T22;T51;T67;T123,"Der Raketenturm richtet seine Waffensysteme gegen kleinere, jedoch stärker gepanzerte Ziele.;Der Balistenturm ist mit mehreren Ballistarakete bestückt und dient zur Abwehr von Jagdbooten und Transmitterschiffen.;Sporendrüsen wurden für die Jagd auf Schiffe der Jagdbootklasse geschaffen. Zu diesem Zweck sind sie mit einer Vielzahl von hochexplosiven Sporen ausgerüstet.
;Die Speichelbatterie ist mit haufenweise Nadelspeichel bestückt und dient zur Abwehr von Jagdbooten und Transmitterschiffen.;platzhalter",1,5,18000,150
35,,Laserturm,Laserlanzenturm,Lichtdrüse,Bodenstachel,X-Magma-Styx,R1x250;R2x500,T115;T22;T45;T67;T124,Der Laserturm ist die primäre Abwehrwaffe gegen leichte Ziele.;Der Laserlanzenturm ist der leichteste Geschützturm.;Diese einfachste Form der Verteidigungsdrüsen wird mit Lichtfäden ähnlichen Organen herangezüchtet. Ihr erhabenes Design macht sie auch zu einem echten Augenschmaus.;Der Bodenstachel ist der leichteste Geschützturm und hauptsachlich zur Abwehr von Jägern geeignet.;platzhalter,1,6,9000,110
43,,Autokanonenturm,Bolzenkanonenturm,Materiedrüse,Giftstachelbatterie,Zermalmer-Styx,R1x2500;R2x300;R3x50,T22;T47;T67;T126,Der Autokanonenturm ist die primäre Waffen gegen leichte bis mittlere Großkampfschiffe.;Diese großkalibrige Kanone ist der wahre Panzerbrecher und vernichtet Zerstörer und Kreuzer massenweise.;Ihre Geschosse durchbrechen mit Leichtigkeit die stärkste Panzerung. Deshalb sind sie besonders für die Vernichtung von Zerstörern und Kreuzern geeignet. ;Diese großkalibrige Kanone ist der wahre Panzerbrecher und vernichtet Zerstörer und Kreuzer massenweise.;platzhalter,1,8,25200,110
53,,Plasmaturm,Plasmalanzenturm,Plasmadrüse,Feuerstachelbatterie,ER-Plasmawerfer-Styx,R1x2000;R2x1000;R3x500,T132;T22;T48;T67;T128,"Der Plasmaturm wurde auf Basis der Waffensysteme der Kreuzer entwickelt und vermag vernichtenden Schaden gegen alle Großkampfschiffe ausrichten. Für kleinere Ziele ist das Geschoss jedoch zu langsam.;Der Plasmalanzenturm ist der Turm der jedem Schlachtschiff Respekt abverlangt und für klare Verhältnisse sorgt.;Die größte und gefährlichste aller Drüsen zerstört mit Leichtigkeit jede Schlachtschiffklasse, die sich in ihre Waffenreichweite wagt. ;Die Feuerstachelbatterie ist der Turm der jedem Schlachtschiff Respekt abverlangt und für klare Verhältnisse sorgt.;platzhalter",1,10,43200,140
13,,Sonde,Knecht,Vielauge,Kundschafter,Infiltrator,R1x500;R2x500,T9;T60;T66;T120;T129,"Die Sonde ist neben dem Spion die 2. Möglichkeit, um andere Spieler auszukundschaften. Sie scannt nur oberflächlich die Eigenschaften ihres Ziels, genauere Informationen beschafft der Spion wesentlich besser. Da die Sonde mit enorm hohen Geschwindigkeiten fliegen soll, überlastet sich nach dem Start der Antrieb und brennt bis zur maximalen Geschwindigkeit aus.
Sonden kehren nie zurück. Sonden können von den feindlichen Scannern entdeckt werden, abhängig vom Typ des Scanners.;Der Knecht (Sonde) ist neben dem Knappen die 2. Möglichkeit, um andere Spieler auszukundschaften. Sie scannt nur oberflächlich die Eigenschaften ihres Ziels, genauere Informationen beschafft der Knappe wesentlich besser. Da die Sonde mit enorm hohen Geschwindigkeiten fliegen soll, überlastet sich nach dem Start der Antrieb und brennt bis zur maximalen Geschwindigkeit aus. Sonden kehren nie zurück.

Sonden können von den feindlichen Scannern entdeckt werden, abhängig vom Typ des Scanners.;Vielaugen (Sonden) sind kleine merkwürdige Geschöpfe. Ihre Augen ähneln denen des Raumblickes, womit sie in der Lage sind, Planeten aus genügender Entfernung auf Schiffe, Gebäude und Kollektoren zu untersuchen. Aufgrund ihrer Größe sind sie nur schwer von Scannern auszumachen und wenn sie entdeckt werden, erscheinen sie nur als normale Sonden, wodurch ihre Herkunft unbestimmbar bleibt. Wie die Netzfänger springen die Vielaugen durch Portale, um in kürzester Zeit bei ihrem Ziel zu sein. Die Energie reicht jedoch nur für einen Sprung und für die einmalige Übertragung der erspähten Daten. Nach diesem Kraftakt stirbt das Vielauge.;Der Kundschafter (Sonde) ist neben dem Wandellarve die 2. Möglichkeit, um andere Spieler auszukundschaften. Sie scant nur oberflächlich die Eigenschaften ihres Ziels, genauere Informationen beschafft die Wandellarve wesentlich besser. Da der Kundschafter mit enorm hohen Geschwindigkeiten fliegen soll, überlastet sich nach dem Start der Antrieb und brennt bis zur maximalen Geschwindigkeit aus. Sonden kehren nie zurück. Kundschafter können von den feindlichen Scannern entdeckt werden, abhängig vom Typ des Scanners.;platzhalter",1,2,1800,110
25,,Geheimagent,Knappe,Zecke,Wandellarve,Morph-DX,R1x500;R2x500;R3x200;R4x100,T66;T122,"Der Spion / Geheimagent:<br><br>

Der Spion ist eine der wichtigsten Einheiten des Spiels. Mit ihm kann man über jeden beliebigen Spieler so ziemlich alles herausfinden.;Der Knappe / Geheimagent:<br><br>

Der Knappe ist eine der wichtigsten Einheiten des Spiels.
Mit ihm kann man über jeden beliebigen Spieler so ziemlich alles herausfinden.;Der Spion / Geheimagent:<br><br>

Der Spion ist eine der wichtigsten Einheiten des Spiels.
Mit ihm kann man über jeden beliebigen Spieler so ziemlich alles herausfinden.;Die Wandellarve / Geheimagent:<br><br>

Die Wandellarve ist eine der wichtigsten Einheiten des Spiels.
Mit ihr kann man über jeden beliebigen Spieler so ziemlich alles herausfinden.;platzhalter",1,4,7200,130